<?xml version="1.0" encoding="UTF-8"?><?xml-stylesheet type='text/xsl' href='_UpgradeReport_Files/UpgradeReport.xslt'?><UpgradeLog>
<Properties><Property Name="Solution" Value="FutureValue">
</Property><Property Name="Solution File" Value="E:\Visual C# .NET\Introduction to Visual C# Programming\Sample Forms\FutureValue\FutureValue.sln">
</Property><Property Name="User Options File" Value="E:\Visual C# .NET\Introduction to Visual C# Programming\Sample Forms\FutureValue\FutureValue.suo">
</Property><Property Name="Date" Value="Thursday, July 07, 2011">
</Property><Property Name="Time" Value="10:59 AM">
</Property></Properties><Event ErrorLevel="0" Project="" Source="FutureValue.sln" Description="File successfully backed up as E:\Visual C# .NET\Introduction to Visual C# Programming\Sample Forms\FutureValue\Backup\FutureValue.sln">
</Event><Event ErrorLevel="0" Project="" Source="FutureValue.suo" Description="File successfully backed up as E:\Visual C# .NET\Introduction to Visual C# Programming\Sample Forms\FutureValue\Backup\FutureValue.suo">
</Event><Event ErrorLevel="0" Project="FutureValue" Source="FutureValue\FutureValue.csproj" Description="Project file successfully backed up as E:\Visual C# .NET\Introduction to Visual C# Programming\Sample Forms\FutureValue\Backup\FutureValue\FutureValue.csproj">
</Event><Event ErrorLevel="0" Project="FutureValue" Source="FutureValue\FutureValue.cs" Description="File successfully backed up as E:\Visual C# .NET\Introduction to Visual C# Programming\Sample Forms\FutureValue\Backup\FutureValue\FutureValue.cs">
</Event><Event ErrorLevel="0" Project="FutureValue" Source="FutureValue\FutureValue.Designer.cs" Description="File successfully backed up as E:\Visual C# .NET\Introduction to Visual C# Programming\Sample Forms\FutureValue\Backup\FutureValue\FutureValue.Designer.cs">
</Event><Event ErrorLevel="0" Project="FutureValue" Source="FutureValue\Program.cs" Description="File successfully backed up as E:\Visual C# .NET\Introduction to Visual C# Programming\Sample Forms\FutureValue\Backup\FutureValue\Program.cs">
</Event><Event ErrorLevel="0" Project="FutureValue" Source="FutureValue\Properties\AssemblyInfo.cs" Description="File successfully backed up as E:\Visual C# .NET\Introduction to Visual C# Programming\Sample Forms\FutureValue\Backup\FutureValue\Properties\AssemblyInfo.cs">
</Event><Event ErrorLevel="0" Project="FutureValue" Source="FutureValue\Properties\Resources.Designer.cs" Description="File successfully backed up as E:\Visual C# .NET\Introduction to Visual C# Programming\Sample Forms\FutureValue\Backup\FutureValue\Properties\Resources.Designer.cs">
</Event><Event ErrorLevel="0" Project="FutureValue" Source="FutureValue\Properties\Settings.Designer.cs" Description="File successfully backed up as E:\Visual C# .NET\Introduction to Visual C# Programming\Sample Forms\FutureValue\Backup\FutureValue\Properties\Settings.Designer.cs">
</Event><Event ErrorLevel="0" Project="FutureValue" Source="FutureValue\Properties\Settings.settings" Description="File successfully backed up as E:\Visual C# .NET\Introduction to Visual C# Programming\Sample Forms\FutureValue\Backup\FutureValue\Properties\Settings.settings">
</Event><Event ErrorLevel="0" Project="FutureValue" Source="FutureValue\FutureValue.resx" Description="File successfully backed up as E:\Visual C# .NET\Introduction to Visual C# Programming\Sample Forms\FutureValue\Backup\FutureValue\FutureValue.resx">
</Event><Event ErrorLevel="0" Project="FutureValue" Source="FutureValue\Properties\Resources.resx" Description="File successfully backed up as E:\Visual C# .NET\Introduction to Visual C# Programming\Sample Forms\FutureValue\Backup\FutureValue\Properties\Resources.resx">
</Event><Event ErrorLevel="1" Project="FutureValue" Source="FutureValue\FutureValue.csproj" Description="Your project is targeting .NET Framework 2.0 or 3.0. If your project uses assemblies requiring a newer .NET Framework, your project will fail to build. You can change the .NET Framework version by clicking Properties on the project menu and then selecting a new version in the '.NET Framework' dropdown box. (In Visual Basic, this is located on the Compile tab by clicking the 'Advanced Compiler Options...' button.)">
</Event><Event ErrorLevel="0" Project="FutureValue" Source="FutureValue\FutureValue.csproj" Description="Project converted successfully">
</Event><Event ErrorLevel="3" Project="FutureValue" Source="FutureValue\FutureValue.csproj" Description="Converted">
</Event><Event ErrorLevel="0" Project="" Source="FutureValue.sln" Description="Solution converted successfully">
</Event><Event ErrorLevel="3" Project="" Source="FutureValue.sln" Description="Converted">
</Event><Event ErrorLevel="0" Project="FutureValue" Source="FutureValue\FutureValue.csproj" Description="Scan complete: Upgrade not required for project files.">
</Event></UpgradeLog>